client_id,raison_sociale,siret,dirigeant,email_dirigeant,telephone,adresse,code_postal,ville,secteur_activite,ca_annuel_eur,nb_salaries,licence_erp,montant_licence_annuel_eur,date_debut_contrat,iban,contact_technique,email_technique
IR4-CLI-001,Mécanique Précision Dupont SAS,44215678900021,Jean-Marc Dupont,jm.dupont@meca-dupont.fr,+33 4 72 55 12 34,12 Rue de l'Industrie,69400,Villefranche-sur-Saône,Usinage de précision,3200000,42,ERP Indus Premium,18500,2021-03-15,FR76 3000 6000 0112 3456 7890 185,Sophie Martin,s.martin@meca-dupont.fr
IR4-CLI-002,Fonderies du Rhône SARL,53298765400015,Catherine Morel,c.morel@fonderies-rhone.fr,+33 4 78 33 21 56,45 Avenue Jean Jaurès,69007,Lyon,Fonderie / Moulage,5800000,87,ERP Indus Enterprise,32000,2020-01-10,FR76 1470 8000 0234 5678 9012 346,Pierre Lambert,p.lambert@fonderies-rhone.fr
IR4-CLI-003,AeroComp Industries SA,38176543200089,François Bertrand,f.bertrand@aerocomp-ind.fr,+33 5 61 44 78 90,8 Parc Technologique,31700,Blagnac,Composants aéronautiques,12500000,156,ERP Indus Enterprise,45000,2019-06-22,FR76 2004 1010 0345 6789 0123 457,Nadia Chérif,n.cherif@aerocomp-ind.fr
IR4-CLI-004,Emboutissage Martin & Fils,72134567800034,Philippe Martin,ph.martin@emboutissage-martin.fr,+33 3 88 67 43 21,22 Zone Industrielle Nord,67200,Strasbourg,Emboutissage / Découpe,1800000,28,ERP Indus Standard,9800,2022-09-01,FR76 1310 6000 0456 7890 1234 568,Lucas Weber,l.weber@emboutissage-martin.fr
IR4-CLI-005,Plasturgie Occitane SAS,91287654300027,Marie-Claire Fabre,mc.fabre@plast-occitane.fr,+33 5 34 22 11 45,15 Boulevard de l'Europe,31200,Toulouse,Injection plastique,4100000,53,ERP Indus Premium,18500,2021-11-08,FR76 3000 4012 0567 8901 2345 679,Antoine Roux,a.roux@plast-occitane.fr
IR4-CLI-006,Chaudronnerie Savoyarde SARL,65432198700043,Robert Gaillard,r.gaillard@chaudro-savoie.fr,+33 4 50 88 34 67,3 Chemin des Ateliers,74000,Annecy,Chaudronnerie industrielle,2600000,35,ERP Indus Standard,9800,2023-02-14,FR76 1020 8000 0678 9012 3456 780,Emma Blanc,e.blanc@chaudro-savoie.fr
IR4-CLI-007,Groupe Métallurgie Atlantique SA,87654321000056,Stéphane Leroy,s.leroy@gma-metal.fr,+33 2 40 55 78 12,120 Quai de la Fosse,44000,Nantes,Métallurgie / Traitement surface,8900000,112,ERP Indus Enterprise,32000,2020-07-19,FR76 4007 8000 0789 0123 4567 891,Julien Mercier,j.mercier@gma-metal.fr
IR4-CLI-008,Usinage CNC Provence,34567891200069,Alain Provençal,a.provencal@cnc-provence.fr,+33 4 91 23 45 67,7 Rue des Artisans,13290,Aix-en-Provence,Usinage CNC,1500000,19,ERP Indus Standard,9800,2023-06-30,FR76 1382 5000 0890 1234 5678 902,Clara Dubois,c.dubois@cnc-provence.fr
IR4-CLI-009,Tôlerie Industrielle du Nord SAS,23456789100078,Vincent Delattre,v.delattre@tolerie-nord.fr,+33 3 20 44 56 78,55 Zone Industrielle Est,59650,Villeneuve-d'Ascq,Tôlerie fine / Laser,3700000,48,ERP Indus Premium,18500,2021-08-25,FR76 3007 6000 0901 2345 6789 013,Amandine Lefebvre,a.lefebvre@tolerie-nord.fr
IR4-CLI-010,Hydraulique & Pneumatique Bordeaux,76543210900082,Isabelle Durand,i.durand@hp-bordeaux.fr,+33 5 56 78 90 12,30 Avenue de la Technique,33700,Mérignac,Systèmes hydrauliques,2900000,38,ERP Indus Premium,18500,2022-04-12,FR76 1600 6000 1012 3456 7890 124,Thomas Garnier,t.garnier@hp-bordeaux.fr
IR4-CLI-011,Soudure Haute Performance EURL,12345678900091,Karim Benzema,k.benzema@shp-soudure.fr,+33 4 77 33 22 11,18 Impasse de la Forge,42000,Saint-Étienne,Soudure spécialisée,950000,12,ERP Indus Standard,9800,2023-10-05,FR76 4200 1000 1123 4567 8901 235,Léa Fournier,l.fournier@shp-soudure.fr
IR4-CLI-012,Composites Bretons SA,98765432100005,Yann Le Goff,y.legoff@composites-bzh.fr,+33 2 98 44 55 66,5 Technopôle Brest-Iroise,29200,Brest,Matériaux composites,6200000,74,ERP Indus Enterprise,32000,2020-12-01,FR76 2900 1000 1234 5678 9012 346,Morgane Keravel,m.keravel@composites-bzh.fr
